,MP,SP,SP_primal
1.0,9069.648404995307,9069.648404995301,9069.648404995309
2.0,9069.648404995309,9069.648404995301,9069.648404995309
